productName,sales,stock,date
Coffee Beans,150,260,2025-04-14
Green Tea,124,217,2025-04-14
Protein Bars,78,174,2025-04-14
Granola Mix,87,161,2025-04-14
Dark Chocolate,73,148,2025-04-14
Almond Milk,88,195,2025-04-14
Coffee Beans,158,261,2025-04-15
Green Tea,126,218,2025-04-15
Protein Bars,82,175,2025-04-15
Granola Mix,93,162,2025-04-15
Dark Chocolate,76,149,2025-04-15
Almond Milk,96,196,2025-04-15
Coffee Beans,165,261,2025-04-16
Green Tea,128,218,2025-04-16
Protein Bars,79,175,2025-04-16
Granola Mix,92,162,2025-04-16
Dark Chocolate,73,149,2025-04-16
Almond Milk,97,189,2025-04-16
Coffee Beans,161,262,2025-04-17
Green Tea,120,219,2025-04-17
Protein Bars,84,176,2025-04-17
Granola Mix,91,163,2025-04-17
Dark Chocolate,70,143,2025-04-17
Almond Milk,99,190,2025-04-17
Coffee Beans,168,263,2025-04-18
Green Tea,121,220,2025-04-18
Protein Bars,82,177,2025-04-18
Granola Mix,96,157,2025-04-18
Dark Chocolate,67,144,2025-04-18
Almond Milk,100,191,2025-04-18
Coffee Beans,186,264,2025-04-19
Green Tea,121,221,2025-04-19
Protein Bars,94,171,2025-04-19
Granola Mix,100,158,2025-04-19
Dark Chocolate,75,145,2025-04-19
Almond Milk,109,192,2025-04-19
Coffee Beans,179,264,2025-04-20
Green Tea,122,214,2025-04-20
Protein Bars,93,171,2025-04-20
Granola Mix,97,158,2025-04-20
Dark Chocolate,72,145,2025-04-20
Almond Milk,111,192,2025-04-20
Coffee Beans,172,258,2025-04-21
Green Tea,107,215,2025-04-21
Protein Bars,93,172,2025-04-21
Granola Mix,94,159,2025-04-21
Dark Chocolate,66,146,2025-04-21
Almond Milk,105,193,2025-04-21
Coffee Beans,177,259,2025-04-22
Green Tea,109,216,2025-04-22
Protein Bars,92,173,2025-04-22
Granola Mix,91,160,2025-04-22
Dark Chocolate,64,147,2025-04-22
Almond Milk,107,194,2025-04-22
Coffee Beans,167,260,2025-04-23
Green Tea,102,217,2025-04-23
Protein Bars,91,174,2025-04-23
Granola Mix,87,161,2025-04-23
Dark Chocolate,63,148,2025-04-23
Almond Milk,108,188,2025-04-23
Coffee Beans,170,260,2025-04-24
Green Tea,105,217,2025-04-24
Protein Bars,97,174,2025-04-24
Granola Mix,90,161,2025-04-24
Dark Chocolate,67,141,2025-04-24
Almond Milk,117,188,2025-04-24
Coffee Beans,172,261,2025-04-25
Green Tea,108,218,2025-04-25
Protein Bars,96,175,2025-04-25
Granola Mix,86,155,2025-04-25
Dark Chocolate,67,142,2025-04-25
Almond Milk,117,189,2025-04-25
Coffee Beans,172,262,2025-04-26
Green Tea,111,219,2025-04-26
Protein Bars,109,169,2025-04-26
Granola Mix,87,156,2025-04-26
Dark Chocolate,72,143,2025-04-26
Almond Milk,125,190,2025-04-26
Coffee Beans,173,263,2025-04-27
Green Tea,115,213,2025-04-27
Protein Bars,107,170,2025-04-27
Granola Mix,89,157,2025-04-27
Dark Chocolate,72,144,2025-04-27
Almond Milk,124,191,2025-04-27
Coffee Beans,162,256,2025-04-28
Green Tea,104,213,2025-04-28
Protein Bars,105,170,2025-04-28
Granola Mix,79,157,2025-04-28
Dark Chocolate,73,144,2025-04-28
Almond Milk,114,191,2025-04-28
Coffee Beans,150,257,2025-04-29
Green Tea,110,214,2025-04-29
Protein Bars,102,171,2025-04-29
Granola Mix,76,158,2025-04-29
Dark Chocolate,74,145,2025-04-29
Almond Milk,112,192,2025-04-29
Coffee Beans,151,258,2025-04-30
Green Tea,107,215,2025-04-30
Protein Bars,107,172,2025-04-30
Granola Mix,78,159,2025-04-30
Dark Chocolate,74,146,2025-04-30
Almond Milk,110,186,2025-04-30
Coffee Beans,151,259,2025-05-01
Green Tea,114,216,2025-05-01
Protein Bars,103,173,2025-05-01
Granola Mix,75,160,2025-05-01
Dark Chocolate,75,140,2025-05-01
Almond Milk,107,187,2025-05-01
Coffee Beans,140,259,2025-05-02
Green Tea,112,216,2025-05-02
Protein Bars,98,173,2025-05-02
Granola Mix,72,153,2025-05-02
Dark Chocolate,75,140,2025-05-02
Almond Milk,104,187,2025-05-02
Coffee Beans,151,260,2025-05-03
Green Tea,127,217,2025-05-03
Protein Bars,108,167,2025-05-03
Granola Mix,81,154,2025-05-03
Dark Chocolate,87,141,2025-05-03
Almond Milk,116,188,2025-05-03
Coffee Beans,152,261,2025-05-04
Green Tea,134,211,2025-05-04
Protein Bars,103,168,2025-05-04
Granola Mix,79,155,2025-05-04
Dark Chocolate,87,142,2025-05-04
Almond Milk,112,189,2025-05-04
Coffee Beans,133,255,2025-05-05
Green Tea,123,212,2025-05-05
Protein Bars,98,169,2025-05-05
Granola Mix,72,156,2025-05-05
Dark Chocolate,81,143,2025-05-05
Almond Milk,102,190,2025-05-05
Coffee Beans,136,255,2025-05-06
Green Tea,130,212,2025-05-06
Protein Bars,93,169,2025-05-06
Granola Mix,77,156,2025-05-06
Dark Chocolate,81,143,2025-05-06
Almond Milk,98,190,2025-05-06
Coffee Beans,140,256,2025-05-07
Green Tea,127,213,2025-05-07
Protein Bars,95,170,2025-05-07
Granola Mix,76,157,2025-05-07
Dark Chocolate,86,144,2025-05-07
Almond Milk,95,184,2025-05-07
Coffee Beans,134,257,2025-05-08
Green Tea,133,214,2025-05-08
Protein Bars,89,171,2025-05-08
Granola Mix,76,158,2025-05-08
Dark Chocolate,85,138,2025-05-08
Almond Milk,93,185,2025-05-08
Coffee Beans,139,258,2025-05-09
Green Tea,129,215,2025-05-09
Protein Bars,91,172,2025-05-09
Granola Mix,82,152,2025-05-09
Dark Chocolate,83,139,2025-05-09
Almond Milk,90,186,2025-05-09
Coffee Beans,155,258,2025-05-10
Green Tea,143,215,2025-05-10
Protein Bars,92,165,2025-05-10
Granola Mix,87,152,2025-05-10
Dark Chocolate,86,139,2025-05-10
Almond Milk,95,186,2025-05-10
Coffee Beans,150,259,2025-05-11
Green Tea,137,209,2025-05-11
Protein Bars,87,166,2025-05-11
Granola Mix,87,153,2025-05-11
Dark Chocolate,84,140,2025-05-11
Almond Milk,94,187,2025-05-11
Coffee Beans,147,253,2025-05-12
Green Tea,132,210,2025-05-12
Protein Bars,84,167,2025-05-12
Granola Mix,88,154,2025-05-12
Dark Chocolate,82,141,2025-05-12
Almond Milk,93,188,2025-05-12
Coffee Beans,155,254,2025-05-13
Green Tea,135,211,2025-05-13
Protein Bars,80,168,2025-05-13
Granola Mix,88,155,2025-05-13
Dark Chocolate,79,142,2025-05-13
Almond Milk,93,189,2025-05-13
Coffee Beans,151,254,2025-05-14
Green Tea,128,211,2025-05-14
Protein Bars,83,168,2025-05-14
Granola Mix,87,155,2025-05-14
Dark Chocolate,76,142,2025-05-14
Almond Milk,94,182,2025-05-14
Coffee Beans,159,255,2025-05-15
Green Tea,130,212,2025-05-15
Protein Bars,80,169,2025-05-15
Granola Mix,93,156,2025-05-15
Dark Chocolate,73,136,2025-05-15
Almond Milk,94,183,2025-05-15
Coffee Beans,167,256,2025-05-16
Green Tea,123,213,2025-05-16
Protein Bars,84,170,2025-05-16
Granola Mix,92,150,2025-05-16
Dark Chocolate,75,137,2025-05-16
Almond Milk,96,184,2025-05-16
Coffee Beans,173,257,2025-05-17
Green Tea,133,214,2025-05-17
Protein Bars,88,164,2025-05-17
Granola Mix,97,151,2025-05-17
Dark Chocolate,77,138,2025-05-17
Almond Milk,104,185,2025-05-17
Coffee Beans,181,257,2025-05-18
Green Tea,124,207,2025-05-18
Protein Bars,93,164,2025-05-18
Granola Mix,103,151,2025-05-18
Dark Chocolate,74,138,2025-05-18
Almond Milk,106,185,2025-05-18
Coffee Beans,176,251,2025-05-19
Green Tea,117,208,2025-05-19
Protein Bars,86,165,2025-05-19
Granola Mix,94,152,2025-05-19
Dark Chocolate,67,139,2025-05-19
Almond Milk,100,186,2025-05-19
Coffee Beans,169,252,2025-05-20
Green Tea,109,209,2025-05-20
Protein Bars,85,166,2025-05-20
Granola Mix,91,153,2025-05-20
Dark Chocolate,65,140,2025-05-20
Almond Milk,102,187,2025-05-20
Coffee Beans,174,253,2025-05-21
Green Tea,111,210,2025-05-21
Protein Bars,91,167,2025-05-21
Granola Mix,95,154,2025-05-21
Dark Chocolate,68,141,2025-05-21
Almond Milk,112,181,2025-05-21
Coffee Beans,178,253,2025-05-22
Green Tea,112,210,2025-05-22
Protein Bars,90,167,2025-05-22
Granola Mix,91,154,2025-05-22
Dark Chocolate,66,134,2025-05-22
Almond Milk,113,181,2025-05-22
Coffee Beans,169,254,2025-05-23
Green Tea,106,211,2025-05-23
Protein Bars,96,168,2025-05-23
Granola Mix,87,148,2025-05-23
Dark Chocolate,65,135,2025-05-23
Almond Milk,114,182,2025-05-23
Coffee Beans,184,255,2025-05-24
Green Tea,116,212,2025-05-24
Protein Bars,102,162,2025-05-24
Granola Mix,96,149,2025-05-24
Dark Chocolate,69,136,2025-05-24
Almond Milk,123,183,2025-05-24
Coffee Beans,186,256,2025-05-25
Green Tea,110,206,2025-05-25
Protein Bars,109,163,2025-05-25
Granola Mix,92,150,2025-05-25
Dark Chocolate,74,137,2025-05-25
Almond Milk,123,184,2025-05-25
Coffee Beans,162,249,2025-05-26
Green Tea,107,206,2025-05-26
Protein Bars,100,163,2025-05-26
Granola Mix,82,150,2025-05-26
Dark Chocolate,69,137,2025-05-26
Almond Milk,114,184,2025-05-26
Coffee Beans,163,250,2025-05-27
Green Tea,103,207,2025-05-27
Protein Bars,106,164,2025-05-27
Granola Mix,84,151,2025-05-27
Dark Chocolate,69,138,2025-05-27
Almond Milk,113,185,2025-05-27
Coffee Beans,163,251,2025-05-28
Green Tea,108,208,2025-05-28
Protein Bars,103,165,2025-05-28
Granola Mix,80,152,2025-05-28
Dark Chocolate,70,139,2025-05-28
Almond Milk,112,179,2025-05-28
Coffee Beans,152,252,2025-05-29
Green Tea,105,209,2025-05-29
Protein Bars,100,166,2025-05-29
Granola Mix,76,153,2025-05-29
Dark Chocolate,70,133,2025-05-29
Almond Milk,110,180,2025-05-29
Coffee Beans,152,252,2025-05-30
Green Tea,111,209,2025-05-30
Protein Bars,105,166,2025-05-30
Granola Mix,78,146,2025-05-30
Dark Chocolate,77,133,2025-05-30
Almond Milk,116,180,2025-05-30
Coffee Beans,162,253,2025-05-31
Green Tea,125,210,2025-05-31
Protein Bars,108,160,2025-05-31
Granola Mix,80,147,2025-05-31
Dark Chocolate,83,134,2025-05-31
Almond Milk,121,181,2025-05-31
Coffee Beans,163,254,2025-06-01
Green Tea,133,204,2025-06-01
Protein Bars,120,161,2025-06-01
Granola Mix,84,148,2025-06-01
Dark Chocolate,90,135,2025-06-01
Almond Milk,127,182,2025-06-01
Coffee Beans,153,248,2025-06-02
Green Tea,132,205,2025-06-02
Protein Bars,107,162,2025-06-02
Granola Mix,82,149,2025-06-02
Dark Chocolate,84,136,2025-06-02
Almond Milk,115,183,2025-06-02
Coffee Beans,155,248,2025-06-03
Green Tea,130,205,2025-06-03
Protein Bars,110,162,2025-06-03
Granola Mix,80,149,2025-06-03
Dark Chocolate,91,136,2025-06-03
Almond Milk,112,183,2025-06-03
Coffee Beans,145,249,2025-06-04
Green Tea,137,206,2025-06-04
Protein Bars,104,163,2025-06-04
Granola Mix,78,150,2025-06-04
Dark Chocolate,91,137,2025-06-04
Almond Milk,108,177,2025-06-04
Coffee Beans,148,250,2025-06-05
Green Tea,135,207,2025-06-05
Protein Bars,106,164,2025-06-05
Granola Mix,83,151,2025-06-05
Dark Chocolate,90,131,2025-06-05
Almond Milk,104,178,2025-06-05
Coffee Beans,152,251,2025-06-06
Green Tea,142,208,2025-06-06
Protein Bars,100,165,2025-06-06
Granola Mix,83,145,2025-06-06
Dark Chocolate,89,132,2025-06-06
Almond Milk,101,179,2025-06-06
Coffee Beans,156,251,2025-06-07
Green Tea,147,208,2025-06-07
Protein Bars,101,158,2025-06-07
Granola Mix,88,145,2025-06-07
Dark Chocolate,93,132,2025-06-07
Almond Milk,105,179,2025-06-07
Coffee Beans,162,252,2025-06-08
Green Tea,154,202,2025-06-08
Protein Bars,103,159,2025-06-08
Granola Mix,95,146,2025-06-08
Dark Chocolate,99,133,2025-06-08
Almond Milk,111,180,2025-06-08
Coffee Beans,157,246,2025-06-09
Green Tea,149,203,2025-06-09
Protein Bars,91,160,2025-06-09
Granola Mix,88,147,2025-06-09
Dark Chocolate,90,134,2025-06-09
Almond Milk,101,181,2025-06-09
Coffee Beans,153,247,2025-06-10
Green Tea,143,204,2025-06-10
Protein Bars,93,161,2025-06-10
Granola Mix,88,148,2025-06-10
Dark Chocolate,87,135,2025-06-10
Almond Milk,100,182,2025-06-10
Coffee Beans,160,247,2025-06-11
Green Tea,147,204,2025-06-11
Protein Bars,88,161,2025-06-11
Granola Mix,95,148,2025-06-11
Dark Chocolate,84,135,2025-06-11
Almond Milk,99,175,2025-06-11
Coffee Beans,169,248,2025-06-12
Green Tea,140,205,2025-06-12
Protein Bars,91,162,2025-06-12
Granola Mix,95,149,2025-06-12
Dark Chocolate,88,129,2025-06-12
Almond Milk,99,176,2025-06-12
Coffee Beans,164,249,2025-06-13
Green Tea,143,206,2025-06-13
Protein Bars,88,163,2025-06-13
Granola Mix,95,143,2025-06-13
Dark Chocolate,84,130,2025-06-13
Almond Milk,99,177,2025-06-13
Coffee Beans,185,250,2025-06-14
Green Tea,144,207,2025-06-14
Protein Bars,98,157,2025-06-14
Granola Mix,108,144,2025-06-14
Dark Chocolate,87,131,2025-06-14
Almond Milk,107,178,2025-06-14
Coffee Beans,194,250,2025-06-15
Green Tea,146,200,2025-06-15
Protein Bars,95,157,2025-06-15
Granola Mix,107,144,2025-06-15
Dark Chocolate,83,131,2025-06-15
Almond Milk,108,178,2025-06-15
Coffee Beans,176,244,2025-06-16
Green Tea,128,201,2025-06-16
Protein Bars,87,158,2025-06-16
Granola Mix,99,145,2025-06-16
Dark Chocolate,74,132,2025-06-16
Almond Milk,103,179,2025-06-16
Coffee Beans,184,245,2025-06-17
Green Tea,129,202,2025-06-17
Protein Bars,92,159,2025-06-17
Granola Mix,104,146,2025-06-17
Dark Chocolate,77,133,2025-06-17
Almond Milk,113,180,2025-06-17
Coffee Beans,191,246,2025-06-18
Green Tea,130,203,2025-06-18
Protein Bars,91,160,2025-06-18
Granola Mix,102,147,2025-06-18
Dark Chocolate,74,134,2025-06-18
Almond Milk,115,174,2025-06-18
Coffee Beans,184,246,2025-06-19
Green Tea,122,203,2025-06-19
Protein Bars,97,160,2025-06-19
Granola Mix,99,147,2025-06-19
Dark Chocolate,72,127,2025-06-19
Almond Milk,117,174,2025-06-19
Coffee Beans,189,247,2025-06-20
Green Tea,123,204,2025-06-20
Protein Bars,96,161,2025-06-20
Granola Mix,103,141,2025-06-20
Dark Chocolate,70,128,2025-06-20
Almond Milk,118,175,2025-06-20
Coffee Beans,208,248,2025-06-21
Green Tea,124,205,2025-06-21
Protein Bars,110,155,2025-06-21
Granola Mix,106,142,2025-06-21
Dark Chocolate,79,129,2025-06-21
Almond Milk,128,176,2025-06-21
Coffee Beans,197,249,2025-06-22
Green Tea,126,199,2025-06-22
Protein Bars,109,156,2025-06-22
Granola Mix,101,143,2025-06-22
Dark Chocolate,78,130,2025-06-22
Almond Milk,129,177,2025-06-22
Coffee Beans,187,242,2025-06-23
Green Tea,112,199,2025-06-23
Protein Bars,109,156,2025-06-23
Granola Mix,98,143,2025-06-23
Dark Chocolate,72,130,2025-06-23
Almond Milk,122,177,2025-06-23
Coffee Beans,189,243,2025-06-24
Green Tea,115,200,2025-06-24
Protein Bars,108,157,2025-06-24
Granola Mix,93,144,2025-06-24
Dark Chocolate,71,131,2025-06-24
Almond Milk,122,178,2025-06-24
Coffee Beans,177,244,2025-06-25
Green Tea,110,201,2025-06-25
Protein Bars,106,158,2025-06-25
Granola Mix,89,145,2025-06-25
Dark Chocolate,71,132,2025-06-25
Almond Milk,121,172,2025-06-25
Coffee Beans,178,245,2025-06-26
Green Tea,115,202,2025-06-26
Protein Bars,112,159,2025-06-26
Granola Mix,91,146,2025-06-26
Dark Chocolate,77,126,2025-06-26
Almond Milk,130,173,2025-06-26
Coffee Beans,178,245,2025-06-27
Green Tea,120,202,2025-06-27
Protein Bars,109,159,2025-06-27
Granola Mix,86,139,2025-06-27
Dark Chocolate,78,126,2025-06-27
Almond Milk,128,173,2025-06-27
Coffee Beans,177,246,2025-06-28
Green Tea,125,203,2025-06-28
Protein Bars,122,153,2025-06-28
Granola Mix,88,140,2025-06-28
Dark Chocolate,84,127,2025-06-28
Almond Milk,135,174,2025-06-28
Coffee Beans,177,247,2025-06-29
Green Tea,132,197,2025-06-29
Protein Bars,118,154,2025-06-29
Granola Mix,91,141,2025-06-29
Dark Chocolate,85,128,2025-06-29
Almond Milk,132,175,2025-06-29
Coffee Beans,165,241,2025-06-30
Green Tea,121,198,2025-06-30
Protein Bars,115,155,2025-06-30
Granola Mix,81,142,2025-06-30
Dark Chocolate,86,129,2025-06-30
Almond Milk,120,176,2025-06-30
Coffee Beans,154,241,2025-07-01
Green Tea,128,198,2025-07-01
Protein Bars,110,155,2025-07-01
Granola Mix,79,142,2025-07-01
Dark Chocolate,86,129,2025-07-01
Almond Milk,117,176,2025-07-01
Coffee Beans,154,242,2025-07-02
Green Tea,126,199,2025-07-02
Protein Bars,113,156,2025-07-02
Granola Mix,82,143,2025-07-02
Dark Chocolate,87,130,2025-07-02
Almond Milk,113,170,2025-07-02
Coffee Beans,156,243,2025-07-03
Green Tea,134,200,2025-07-03
Protein Bars,108,157,2025-07-03
Granola Mix,80,144,2025-07-03
Dark Chocolate,87,124,2025-07-03
Almond Milk,110,171,2025-07-03
Coffee Beans,147,244,2025-07-04
Green Tea,131,201,2025-07-04
Protein Bars,102,158,2025-07-04
Granola Mix,79,138,2025-07-04
Dark Chocolate,87,125,2025-07-04
Almond Milk,106,172,2025-07-04
Coffee Beans,160,244,2025-07-05
Green Tea,149,201,2025-07-05
Protein Bars,111,151,2025-07-05
Granola Mix,89,138,2025-07-05
Dark Chocolate,99,125,2025-07-05
Almond Milk,118,172,2025-07-05
Coffee Beans,164,245,2025-07-06
Green Tea,156,195,2025-07-06
Protein Bars,105,152,2025-07-06
Granola Mix,89,139,2025-07-06
Dark Chocolate,98,126,2025-07-06
Almond Milk,115,173,2025-07-06
Coffee Beans,147,239,2025-07-07
Green Tea,142,196,2025-07-07
Protein Bars,100,153,2025-07-07
Granola Mix,82,140,2025-07-07
Dark Chocolate,90,127,2025-07-07
Almond Milk,104,174,2025-07-07
Coffee Beans,152,240,2025-07-08
Green Tea,148,197,2025-07-08
Protein Bars,94,154,2025-07-08
Granola Mix,89,141,2025-07-08
Dark Chocolate,88,128,2025-07-08
Almond Milk,102,175,2025-07-08
Coffee Beans,159,240,2025-07-09
Green Tea,143,197,2025-07-09
Protein Bars,96,154,2025-07-09
Granola Mix,89,141,2025-07-09
Dark Chocolate,93,128,2025-07-09
Almond Milk,100,168,2025-07-09
Coffee Beans,154,241,2025-07-10
Green Tea,148,198,2025-07-10
Protein Bars,91,155,2025-07-10
Granola Mix,89,142,2025-07-10
Dark Chocolate,90,122,2025-07-10
Almond Milk,98,169,2025-07-10
Coffee Beans,162,242,2025-07-11
Green Tea,141,199,2025-07-11
Protein Bars,93,156,2025-07-11
Granola Mix,96,136,2025-07-11
Dark Chocolate,87,123,2025-07-11
Almond Milk,97,170,2025-07-11
Coffee Beans,182,243,2025-07-12
Green Tea,155,200,2025-07-12
Protein Bars,96,150,2025-07-12
Granola Mix,102,137,2025-07-12
Dark Chocolate,90,124,2025-07-12
Almond Milk,104,171,2025-07-12
Coffee Beans,177,243,2025-07-13
Green Tea,146,193,2025-07-13
Protein Bars,92,150,2025-07-13
Granola Mix,102,137,2025-07-13
Dark Chocolate,86,124,2025-07-13
Almond Milk,104,171,2025-07-13
Coffee Beans,174,237,2025-07-14
Green Tea,139,194,2025-07-14
Protein Bars,90,151,2025-07-14
Granola Mix,102,138,2025-07-14
Dark Chocolate,83,125,2025-07-14
Almond Milk,106,172,2025-07-14
Coffee Beans,183,238,2025-07-15
Green Tea,141,195,2025-07-15
Protein Bars,87,152,2025-07-15
Granola Mix,101,139,2025-07-15
Dark Chocolate,80,126,2025-07-15
Almond Milk,107,173,2025-07-15
Coffee Beans,178,239,2025-07-16
Green Tea,132,196,2025-07-16
Protein Bars,92,153,2025-07-16
Granola Mix,99,140,2025-07-16
Dark Chocolate,77,127,2025-07-16
Almond Milk,109,167,2025-07-16
Coffee Beans,185,239,2025-07-17
Green Tea,133,196,2025-07-17
Protein Bars,90,153,2025-07-17
Granola Mix,105,140,2025-07-17
Dark Chocolate,74,120,2025-07-17
Almond Milk,111,167,2025-07-17
Coffee Beans,193,240,2025-07-18
Green Tea,125,197,2025-07-18
Protein Bars,96,154,2025-07-18
Granola Mix,102,134,2025-07-18
Dark Chocolate,77,121,2025-07-18
Almond Milk,113,168,2025-07-18
Coffee Beans,198,241,2025-07-19
Green Tea,135,198,2025-07-19
Protein Bars,102,148,2025-07-19
Granola Mix,106,135,2025-07-19
Dark Chocolate,79,122,2025-07-19
Almond Milk,123,169,2025-07-19
Coffee Beans,204,242,2025-07-20
Green Tea,126,192,2025-07-20
Protein Bars,109,149,2025-07-20
Granola Mix,110,136,2025-07-20
Dark Chocolate,77,123,2025-07-20
Almond Milk,124,170,2025-07-20
Coffee Beans,196,235,2025-07-21
Green Tea,120,192,2025-07-21
Protein Bars,101,149,2025-07-21
Granola Mix,99,136,2025-07-21
Dark Chocolate,71,123,2025-07-21
Almond Milk,118,170,2025-07-21
Coffee Beans,185,236,2025-07-22
Green Tea,113,193,2025-07-22
Protein Bars,100,150,2025-07-22
Granola Mix,95,137,2025-07-22
Dark Chocolate,69,124,2025-07-22
Almond Milk,119,171,2025-07-22
Coffee Beans,188,237,2025-07-23
Green Tea,115,194,2025-07-23
Protein Bars,107,151,2025-07-23
Granola Mix,98,138,2025-07-23
Dark Chocolate,74,125,2025-07-23
Almond Milk,129,165,2025-07-23
Coffee Beans,190,238,2025-07-24
Green Tea,119,195,2025-07-24
Protein Bars,105,152,2025-07-24
Granola Mix,93,139,2025-07-24
Dark Chocolate,74,119,2025-07-24
Almond Milk,129,166,2025-07-24
Coffee Beans,178,238,2025-07-25
Green Tea,114,195,2025-07-25
Protein Bars,112,152,2025-07-25
Granola Mix,89,132,2025-07-25
Dark Chocolate,74,119,2025-07-25
Almond Milk,129,166,2025-07-25
Coffee Beans,192,239,2025-07-26
Green Tea,127,196,2025-07-26
Protein Bars,117,146,2025-07-26
Granola Mix,98,133,2025-07-26
Dark Chocolate,79,120,2025-07-26
Almond Milk,136,167,2025-07-26
Coffee Beans,192,240,2025-07-27
Green Tea,123,190,2025-07-27
Protein Bars,123,147,2025-07-27
Granola Mix,93,134,2025-07-27
Dark Chocolate,86,121,2025-07-27
Almond Milk,135,168,2025-07-27
Coffee Beans,166,234,2025-07-28
Green Tea,121,191,2025-07-28
Protein Bars,112,148,2025-07-28
Granola Mix,83,135,2025-07-28
Dark Chocolate,81,122,2025-07-28
Almond Milk,124,169,2025-07-28
Coffee Beans,167,234,2025-07-29
Green Tea,118,191,2025-07-29
Protein Bars,117,148,2025-07-29
Granola Mix,85,135,2025-07-29
Dark Chocolate,82,122,2025-07-29
Almond Milk,121,169,2025-07-29
Coffee Beans,167,235,2025-07-30
Green Tea,125,192,2025-07-30
Protein Bars,113,149,2025-07-30
Granola Mix,82,136,2025-07-30
Dark Chocolate,82,123,2025-07-30
Almond Milk,118,163,2025-07-30
Coffee Beans,155,236,2025-07-31
Green Tea,123,193,2025-07-31
Protein Bars,108,150,2025-07-31
Granola Mix,79,137,2025-07-31
Dark Chocolate,83,117,2025-07-31
Almond Milk,115,164,2025-07-31
Coffee Beans,156,237,2025-08-01
Green Tea,130,194,2025-08-01
Protein Bars,111,151,2025-08-01
Granola Mix,82,131,2025-08-01
Dark Chocolate,90,118,2025-08-01
Almond Milk,120,165,2025-08-01
Coffee Beans,168,237,2025-08-02
Green Tea,148,194,2025-08-02
Protein Bars,113,144,2025-08-02
Granola Mix,86,131,2025-08-02
Dark Chocolate,96,118,2025-08-02
Almond Milk,124,165,2025-08-02
Coffee Beans,158,238,2025-08-03
Green Tea,145,188,2025-08-03
Protein Bars,115,145,2025-08-03
Granola Mix,84,132,2025-08-03
Dark Chocolate,96,119,2025-08-03
Almond Milk,120,166,2025-08-03
Coffee Beans,151,232,2025-08-04
Green Tea,143,189,2025-08-04
Protein Bars,102,146,2025-08-04
Granola Mix,84,133,2025-08-04
Dark Chocolate,89,120,2025-08-04
Almond Milk,109,167,2025-08-04
Coffee Beans,155,233,2025-08-05
Green Tea,140,190,2025-08-05
Protein Bars,104,147,2025-08-05
Granola Mix,83,134,2025-08-05
Dark Chocolate,94,121,2025-08-05
Almond Milk,105,168,2025-08-05
Coffee Beans,148,233,2025-08-06
Green Tea,147,190,2025-08-06
Protein Bars,98,147,2025-08-06
Granola Mix,83,134,2025-08-06
Dark Chocolate,93,121,2025-08-06
Almond Milk,102,161,2025-08-06
Coffee Beans,153,234,2025-08-07
Green Tea,142,191,2025-08-07
Protein Bars,100,148,2025-08-07
Granola Mix,89,135,2025-08-07
Dark Chocolate,91,115,2025-08-07
Almond Milk,100,162,2025-08-07
Coffee Beans,160,235,2025-08-08
Green Tea,147,192,2025-08-08
Protein Bars,94,149,2025-08-08
Granola Mix,89,129,2025-08-08
Dark Chocolate,89,116,2025-08-08
Almond Milk,98,163,2025-08-08
Coffee Beans,166,236,2025-08-09
Green Tea,151,193,2025-08-09
Protein Bars,95,143,2025-08-09
Granola Mix,95,130,2025-08-09
Dark Chocolate,92,117,2025-08-09
Almond Milk,103,164,2025-08-09
Coffee Beans,174,236,2025-08-10
Green Tea,156,186,2025-08-10
Protein Bars,98,143,2025-08-10
Granola Mix,103,130,2025-08-10
Dark Chocolate,96,117,2025-08-10
Almond Milk,110,164,2025-08-10
Coffee Beans,171,230,2025-08-11
Green Tea,149,187,2025-08-11
Protein Bars,87,144,2025-08-11
Granola Mix,96,131,2025-08-11
Dark Chocolate,86,118,2025-08-11
Almond Milk,103,165,2025-08-11
Coffee Beans,167,231,2025-08-12
Green Tea,141,188,2025-08-12
Protein Bars,91,145,2025-08-12
Granola Mix,95,132,2025-08-12
Dark Chocolate,83,119,2025-08-12
Almond Milk,103,166,2025-08-12
Coffee Beans,176,232,2025-08-13
Green Tea,144,189,2025-08-13
Protein Bars,88,146,2025-08-13
Granola Mix,102,133,2025-08-13
Dark Chocolate,80,120,2025-08-13
Almond Milk,104,160,2025-08-13
Coffee Beans,184,232,2025-08-14
Green Tea,135,189,2025-08-14
Protein Bars,92,146,2025-08-14
Granola Mix,101,133,2025-08-14
Dark Chocolate,82,113,2025-08-14
Almond Milk,105,160,2025-08-14
Coffee Beans,179,233,2025-08-15
Green Tea,136,190,2025-08-15
Protein Bars,90,147,2025-08-15
Granola Mix,99,127,2025-08-15
Dark Chocolate,79,114,2025-08-15
Almond Milk,107,161,2025-08-15
Coffee Beans,200,234,2025-08-16
Green Tea,137,191,2025-08-16
Protein Bars,102,141,2025-08-16
Granola Mix,112,128,2025-08-16
Dark Chocolate,81,115,2025-08-16
Almond Milk,116,162,2025-08-16
Coffee Beans,208,235,2025-08-17
Green Tea,138,185,2025-08-17
Protein Bars,101,142,2025-08-17
Granola Mix,110,129,2025-08-17
Dark Chocolate,78,116,2025-08-17
Almond Milk,118,163,2025-08-17
Coffee Beans,187,228,2025-08-18
Green Tea,120,185,2025-08-18
Protein Bars,93,142,2025-08-18
Granola Mix,99,129,2025-08-18
Dark Chocolate,71,116,2025-08-18
Almond Milk,113,163,2025-08-18
Coffee Beans,192,229,2025-08-19
Green Tea,122,186,2025-08-19
Protein Bars,100,143,2025-08-19
Granola Mix,104,130,2025-08-19
Dark Chocolate,74,117,2025-08-19
Almond Milk,123,164,2025-08-19
Coffee Beans,197,230,2025-08-20
Green Tea,123,187,2025-08-20
Protein Bars,99,144,2025-08-20
Granola Mix,100,131,2025-08-20
Dark Chocolate,73,118,2025-08-20
Almond Milk,125,158,2025-08-20
Coffee Beans,187,231,2025-08-21
Green Tea,116,188,2025-08-21
Protein Bars,106,145,2025-08-21
Granola Mix,96,132,2025-08-21
Dark Chocolate,72,112,2025-08-21
Almond Milk,126,159,2025-08-21
Coffee Beans,190,231,2025-08-22
Green Tea,119,188,2025-08-22
Protein Bars,105,145,2025-08-22
Granola Mix,98,125,2025-08-22
Dark Chocolate,71,112,2025-08-22
Almond Milk,127,159,2025-08-22
Coffee Beans,205,232,2025-08-23
Green Tea,121,189,2025-08-23
Protein Bars,119,139,2025-08-23
Granola Mix,100,126,2025-08-23
Dark Chocolate,81,113,2025-08-23
Almond Milk,136,160,2025-08-23
Coffee Beans,192,233,2025-08-24
Green Tea,126,183,2025-08-24
Protein Bars,117,140,2025-08-24
Granola Mix,96,127,2025-08-24
Dark Chocolate,81,114,2025-08-24
Almond Milk,135,161,2025-08-24
Coffee Beans,180,227,2025-08-25
Green Tea,113,184,2025-08-25
Protein Bars,116,141,2025-08-25
Granola Mix,92,128,2025-08-25
Dark Chocolate,76,115,2025-08-25
Almond Milk,125,162,2025-08-25
Coffee Beans,181,227,2025-08-26
Green Tea,119,184,2025-08-26
Protein Bars,113,141,2025-08-26
Granola Mix,87,128,2025-08-26
Dark Chocolate,77,115,2025-08-26
Almond Milk,124,162,2025-08-26
Coffee Beans,168,228,2025-08-27
Green Tea,116,185,2025-08-27
Protein Bars,110,142,2025-08-27
Granola Mix,83,129,2025-08-27
Dark Chocolate,77,116,2025-08-27
Almond Milk,121,156,2025-08-27
Coffee Beans,168,229,2025-08-28
Green Tea,122,186,2025-08-28
Protein Bars,115,143,2025-08-28
Granola Mix,86,130,2025-08-28
Dark Chocolate,84,110,2025-08-28
Almond Milk,128,157,2025-08-28
Coffee Beans,168,230,2025-08-29
Green Tea,129,187,2025-08-29
Protein Bars,110,144,2025-08-29
Granola Mix,82,124,2025-08-29
Dark Chocolate,85,111,2025-08-29
Almond Milk,125,158,2025-08-29
Coffee Beans,167,230,2025-08-30
Green Tea,136,187,2025-08-30
Protein Bars,122,137,2025-08-30
Granola Mix,85,124,2025-08-30
Dark Chocolate,91,111,2025-08-30
Almond Milk,130,158,2025-08-30
Coffee Beans,168,231,2025-08-31
Green Tea,144,181,2025-08-31
Protein Bars,116,138,2025-08-31
Granola Mix,89,125,2025-08-31
Dark Chocolate,92,112,2025-08-31
Almond Milk,126,159,2025-08-31
Coffee Beans,147,225,2025-09-01
Green Tea,123,182,2025-09-01
Protein Bars,103,139,2025-09-01
Granola Mix,75,126,2025-09-01
Dark Chocolate,86,113,2025-09-01
Almond Milk,106,160,2025-09-01
Coffee Beans,138,226,2025-09-02
Green Tea,130,183,2025-09-02
Protein Bars,98,140,2025-09-02
Granola Mix,73,127,2025-09-02
Dark Chocolate,85,114,2025-09-02
Almond Milk,102,161,2025-09-02
Coffee Beans,141,226,2025-09-03
Green Tea,127,183,2025-09-03
Protein Bars,100,140,2025-09-03
Granola Mix,78,127,2025-09-03
Dark Chocolate,85,114,2025-09-03
Almond Milk,99,154,2025-09-03
Coffee Beans,144,227,2025-09-04
Green Tea,134,184,2025-09-04
Protein Bars,94,141,2025-09-04
Granola Mix,77,128,2025-09-04
Dark Chocolate,84,108,2025-09-04
Almond Milk,96,155,2025-09-04
Coffee Beans,138,228,2025-09-05
Green Tea,130,185,2025-09-05
Protein Bars,89,142,2025-09-05
Granola Mix,77,122,2025-09-05
Dark Chocolate,82,109,2025-09-05
Almond Milk,93,156,2025-09-05
Coffee Beans,153,229,2025-09-06
Green Tea,145,186,2025-09-06
Protein Bars,97,136,2025-09-06
Granola Mix,89,123,2025-09-06
Dark Chocolate,93,110,2025-09-06
Almond Milk,105,157,2025-09-06
Coffee Beans,160,229,2025-09-07
Green Tea,151,179,2025-09-07
Protein Bars,91,136,2025-09-07
Granola Mix,89,123,2025-09-07
Dark Chocolate,91,110,2025-09-07
Almond Milk,103,157,2025-09-07
Coffee Beans,145,223,2025-09-08
Green Tea,135,180,2025-09-08
Protein Bars,87,137,2025-09-08
Granola Mix,83,124,2025-09-08
Dark Chocolate,82,111,2025-09-08
Almond Milk,95,158,2025-09-08
Coffee Beans,152,224,2025-09-09
Green Tea,139,181,2025-09-09
Protein Bars,83,138,2025-09-09
Granola Mix,89,125,2025-09-09
Dark Chocolate,79,112,2025-09-09
Almond Milk,94,159,2025-09-09
Coffee Beans,160,225,2025-09-10
Green Tea,132,182,2025-09-10
Protein Bars,86,139,2025-09-10
Granola Mix,89,126,2025-09-10
Dark Chocolate,82,113,2025-09-10
Almond Milk,94,153,2025-09-10
Coffee Beans,156,225,2025-09-11
Green Tea,135,182,2025-09-11
Protein Bars,82,139,2025-09-11
Granola Mix,89,126,2025-09-11
Dark Chocolate,79,106,2025-09-11
Almond Milk,94,153,2025-09-11
Coffee Beans,164,226,2025-09-12
Green Tea,127,183,2025-09-12
Protein Bars,86,140,2025-09-12
Granola Mix,95,120,2025-09-12
Dark Chocolate,76,107,2025-09-12
Almond Milk,95,154,2025-09-12
Coffee Beans,184,227,2025-09-13
Green Tea,138,184,2025-09-13
Protein Bars,89,134,2025-09-13
Granola Mix,100,121,2025-09-13
Dark Chocolate,78,108,2025-09-13
Almond Milk,103,155,2025-09-13
Coffee Beans,179,228,2025-09-14
Green Tea,129,178,2025-09-14
Protein Bars,87,135,2025-09-14
Granola Mix,99,122,2025-09-14
Dark Chocolate,75,109,2025-09-14
Almond Milk,104,156,2025-09-14
Coffee Beans,174,221,2025-09-15
Green Tea,122,178,2025-09-15
Protein Bars,87,135,2025-09-15
Granola Mix,98,122,2025-09-15
Dark Chocolate,73,109,2025-09-15
Almond Milk,107,156,2025-09-15
Coffee Beans,181,222,2025-09-16
Green Tea,123,179,2025-09-16
Protein Bars,85,136,2025-09-16
Granola Mix,95,123,2025-09-16
Dark Chocolate,70,110,2025-09-16
Almond Milk,109,157,2025-09-16
Coffee Beans,174,223,2025-09-17
Green Tea,115,180,2025-09-17
Protein Bars,91,137,2025-09-17
Granola Mix,92,124,2025-09-17
Dark Chocolate,68,111,2025-09-17
Almond Milk,110,151,2025-09-17
Coffee Beans,179,224,2025-09-18
Green Tea,116,181,2025-09-18
Protein Bars,90,138,2025-09-18
Granola Mix,96,125,2025-09-18
Dark Chocolate,66,105,2025-09-18
Almond Milk,112,152,2025-09-18
Coffee Beans,184,224,2025-09-19
Green Tea,109,181,2025-09-19
Protein Bars,97,138,2025-09-19
Granola Mix,93,118,2025-09-19
Dark Chocolate,69,105,2025-09-19
Almond Milk,113,152,2025-09-19
Coffee Beans,186,225,2025-09-20
Green Tea,119,182,2025-09-20
Protein Bars,103,132,2025-09-20
Granola Mix,95,119,2025-09-20
Dark Chocolate,73,106,2025-09-20
Almond Milk,123,153,2025-09-20
Coffee Beans,190,226,2025-09-21
Green Tea,113,176,2025-09-21
Protein Bars,109,133,2025-09-21
Granola Mix,98,120,2025-09-21
Dark Chocolate,72,107,2025-09-21
Almond Milk,123,154,2025-09-21
Coffee Beans,179,220,2025-09-22
Green Tea,108,177,2025-09-22
Protein Bars,101,134,2025-09-22
Granola Mix,87,121,2025-09-22
Dark Chocolate,67,108,2025-09-22
Almond Milk,115,155,2025-09-22
Coffee Beans,168,220,2025-09-23
Green Tea,104,177,2025-09-23
Protein Bars,99,134,2025-09-23
Granola Mix,83,121,2025-09-23
Dark Chocolate,67,108,2025-09-23
Almond Milk,115,155,2025-09-23
Coffee Beans,168,221,2025-09-24
Green Tea,108,178,2025-09-24
Protein Bars,105,135,2025-09-24
Granola Mix,85,122,2025-09-24
Dark Chocolate,73,109,2025-09-24
Almond Milk,123,149,2025-09-24
Coffee Beans,169,222,2025-09-25
Green Tea,113,179,2025-09-25
Protein Bars,103,136,2025-09-25
Granola Mix,81,123,2025-09-25
Dark Chocolate,73,103,2025-09-25
Almond Milk,121,150,2025-09-25
Coffee Beans,157,223,2025-09-26
Green Tea,110,180,2025-09-26
Protein Bars,108,137,2025-09-26
Granola Mix,77,117,2025-09-26
Dark Chocolate,74,104,2025-09-26
Almond Milk,119,151,2025-09-26
Coffee Beans,168,223,2025-09-27
Green Tea,125,180,2025-09-27
Protein Bars,111,130,2025-09-27
Granola Mix,85,117,2025-09-27
Dark Chocolate,80,104,2025-09-27
Almond Milk,125,151,2025-09-27
Coffee Beans,168,224,2025-09-28
Green Tea,122,174,2025-09-28
Protein Bars,116,131,2025-09-28
Granola Mix,82,118,2025-09-28
Dark Chocolate,87,105,2025-09-28
Almond Milk,122,152,2025-09-28
Coffee Beans,146,218,2025-09-29
Green Tea,121,175,2025-09-29
Protein Bars,103,132,2025-09-29
Granola Mix,74,119,2025-09-29
Dark Chocolate,81,106,2025-09-29
Almond Milk,110,153,2025-09-29
Coffee Beans,146,219,2025-09-30
Green Tea,119,176,2025-09-30
Protein Bars,106,133,2025-09-30
Granola Mix,77,120,2025-09-30
Dark Chocolate,82,107,2025-09-30
Almond Milk,107,154,2025-09-30
Coffee Beans,148,219,2025-10-01
Green Tea,126,176,2025-10-01
Protein Bars,101,133,2025-10-01
Granola Mix,75,120,2025-10-01
Dark Chocolate,82,107,2025-10-01
Almond Milk,104,147,2025-10-01
Coffee Beans,139,220,2025-10-02
Green Tea,124,177,2025-10-02
Protein Bars,96,134,2025-10-02
Granola Mix,74,121,2025-10-02
Dark Chocolate,82,101,2025-10-02
Almond Milk,100,148,2025-10-02
Coffee Beans,142,221,2025-10-03
Green Tea,131,178,2025-10-03
Protein Bars,98,135,2025-10-03
Granola Mix,78,115,2025-10-03
Dark Chocolate,87,102,2025-10-03
Almond Milk,105,149,2025-10-03
Coffee Beans,156,222,2025-10-04
Green Tea,147,179,2025-10-04
Protein Bars,99,129,2025-10-04
Granola Mix,83,116,2025-10-04
Dark Chocolate,92,103,2025-10-04
Almond Milk,108,150,2025-10-04
Coffee Beans,149,222,2025-10-05
Green Tea,143,172,2025-10-05
Protein Bars,100,129,2025-10-05
Granola Mix,83,116,2025-10-05
Dark Chocolate,91,103,2025-10-05
Almond Milk,105,150,2025-10-05
Coffee Beans,144,216,2025-10-06
Green Tea,140,173,2025-10-06
Protein Bars,89,130,2025-10-06
Granola Mix,83,117,2025-10-06
Dark Chocolate,83,104,2025-10-06
Almond Milk,96,151,2025-10-06
Coffee Beans,150,217,2025-10-07
Green Tea,135,174,2025-10-07
Protein Bars,90,131,2025-10-07
Granola Mix,83,118,2025-10-07
Dark Chocolate,87,105,2025-10-07
Almond Milk,94,152,2025-10-07
Coffee Beans,146,218,2025-10-08
Green Tea,139,175,2025-10-08
Protein Bars,86,132,2025-10-08
Granola Mix,83,119,2025-10-08
Dark Chocolate,85,106,2025-10-08
Almond Milk,93,146,2025-10-08
Coffee Beans,153,218,2025-10-09
Green Tea,133,175,2025-10-09
Protein Bars,88,132,2025-10-09
Granola Mix,90,119,2025-10-09
Dark Chocolate,82,99,2025-10-09
Almond Milk,92,146,2025-10-09
Coffee Beans,161,219,2025-10-10
Green Tea,137,176,2025-10-10
Protein Bars,84,133,2025-10-10
Granola Mix,90,113,2025-10-10
Dark Chocolate,79,100,2025-10-10
Almond Milk,92,147,2025-10-10
Coffee Beans,168,220,2025-10-11
Green Tea,138,177,2025-10-11
Protein Bars,86,127,2025-10-11
Granola Mix,95,114,2025-10-11
Dark Chocolate,81,101,2025-10-11
Almond Milk,99,148,2025-10-11
Coffee Beans,177,221,2025-10-12
Green Tea,141,171,2025-10-12
Protein Bars,90,128,2025-10-12
Granola Mix,102,115,2025-10-12
Dark Chocolate,84,102,2025-10-12
Almond Milk,107,149,2025-10-12
Coffee Beans,174,214,2025-10-13
Green Tea,133,171,2025-10-13
Protein Bars,82,128,2025-10-13
Granola Mix,94,115,2025-10-13
Dark Chocolate,75,102,2025-10-13
Almond Milk,102,149,2025-10-13
Coffee Beans,168,215,2025-10-14
Green Tea,125,172,2025-10-14
Protein Bars,86,129,2025-10-14
Granola Mix,93,116,2025-10-14
Dark Chocolate,72,103,2025-10-14
Almond Milk,103,150,2025-10-14
Coffee Beans,176,216,2025-10-15
Green Tea,126,173,2025-10-15
Protein Bars,85,130,2025-10-15
Granola Mix,98,117,2025-10-15
Dark Chocolate,69,104,2025-10-15
Almond Milk,105,144,2025-10-15
Coffee Beans,183,217,2025-10-16
Green Tea,118,174,2025-10-16
Protein Bars,90,131,2025-10-16
Granola Mix,96,118,2025-10-16
Dark Chocolate,72,98,2025-10-16
Almond Milk,107,145,2025-10-16
Coffee Beans,175,217,2025-10-17
Green Tea,119,174,2025-10-17
Protein Bars,89,131,2025-10-17
Granola Mix,93,111,2025-10-17
Dark Chocolate,70,98,2025-10-17
Almond Milk,108,145,2025-10-17
Coffee Beans,194,218,2025-10-18
Green Tea,119,175,2025-10-18
Protein Bars,102,125,2025-10-18
Granola Mix,103,112,2025-10-18
Dark Chocolate,73,99,2025-10-18
Almond Milk,118,146,2025-10-18
Coffee Beans,198,219,2025-10-19
Green Tea,121,169,2025-10-19
Protein Bars,101,126,2025-10-19
Granola Mix,100,113,2025-10-19
Dark Chocolate,71,100,2025-10-19
Almond Milk,119,147,2025-10-19
Coffee Beans,176,213,2025-10-20
Green Tea,106,170,2025-10-20
Protein Bars,94,127,2025-10-20
Granola Mix,89,114,2025-10-20
Dark Chocolate,65,101,2025-10-20
Almond Milk,112,148,2025-10-20
Coffee Beans,179,213,2025-10-21
Green Tea,109,170,2025-10-21
Protein Bars,100,127,2025-10-21
Granola Mix,92,114,2025-10-21
Dark Chocolate,70,101,2025-10-21
Almond Milk,122,148,2025-10-21
Coffee Beans,181,214,2025-10-22
Green Tea,112,171,2025-10-22
Protein Bars,99,128,2025-10-22
Granola Mix,88,115,2025-10-22
Dark Chocolate,69,102,2025-10-22
Almond Milk,122,142,2025-10-22
Coffee Beans,169,215,2025-10-23
Green Tea,107,172,2025-10-23
Protein Bars,105,129,2025-10-23
Granola Mix,83,116,2025-10-23
Dark Chocolate,69,96,2025-10-23
Almond Milk,122,143,2025-10-23
Coffee Beans,170,216,2025-10-24
Green Tea,112,173,2025-10-24
Protein Bars,103,130,2025-10-24
Granola Mix,85,110,2025-10-24
Dark Chocolate,70,97,2025-10-24
Almond Milk,121,144,2025-10-24
Coffee Beans,182,216,2025-10-25
Green Tea,116,173,2025-10-25
Protein Bars,116,123,2025-10-25
Granola Mix,87,110,2025-10-25
Dark Chocolate,81,97,2025-10-25
Almond Milk,127,144,2025-10-25
Coffee Beans,169,217,2025-10-26
Green Tea,122,167,2025-10-26
Protein Bars,113,124,2025-10-26
Granola Mix,83,111,2025-10-26
Dark Chocolate,81,98,2025-10-26
Almond Milk,125,145,2025-10-26
Coffee Beans,158,211,2025-10-27
Green Tea,112,168,2025-10-27
Protein Bars,110,125,2025-10-27
Granola Mix,80,112,2025-10-27
Dark Chocolate,77,99,2025-10-27
Almond Milk,115,146,2025-10-27
Coffee Beans,158,212,2025-10-28
Green Tea,118,169,2025-10-28
Protein Bars,106,126,2025-10-28
Granola Mix,77,113,2025-10-28
Dark Chocolate,77,100,2025-10-28
Almond Milk,112,147,2025-10-28
Coffee Beans,147,212,2025-10-29
Green Tea,116,169,2025-10-29
Protein Bars,101,126,2025-10-29
Granola Mix,74,113,2025-10-29
Dark Chocolate,78,100,2025-10-29
Almond Milk,108,140,2025-10-29
Coffee Beans,148,213,2025-10-30
Green Tea,123,170,2025-10-30
Protein Bars,104,127,2025-10-30
Granola Mix,77,114,2025-10-30
Dark Chocolate,84,94,2025-10-30
Almond Milk,113,141,2025-10-30
Coffee Beans,149,214,2025-10-31
Green Tea,130,171,2025-10-31
Protein Bars,99,128,2025-10-31
Granola Mix,75,108,2025-10-31
Dark Chocolate,84,95,2025-10-31
Almond Milk,110,142,2025-10-31
Coffee Beans,174,215,2025-11-01
Green Tea,159,172,2025-11-01
Protein Bars,126,122,2025-11-01
Granola Mix,92,109,2025-11-01
Dark Chocolate,104,96,2025-11-01
Almond Milk,132,143,2025-11-01
Coffee Beans,177,215,2025-11-02
Green Tea,168,165,2025-11-02
Protein Bars,119,122,2025-11-02
Granola Mix,98,109,2025-11-02
Dark Chocolate,104,96,2025-11-02
Almond Milk,127,143,2025-11-02
Coffee Beans,170,209,2025-11-03
Green Tea,153,166,2025-11-03
Protein Bars,113,123,2025-11-03
Granola Mix,90,110,2025-11-03
Dark Chocolate,103,97,2025-11-03
Almond Milk,115,144,2025-11-03
Coffee Beans,163,210,2025-11-04
Green Tea,160,167,2025-11-04
Protein Bars,107,124,2025-11-04
Granola Mix,90,111,2025-11-04
Dark Chocolate,102,98,2025-11-04
Almond Milk,112,145,2025-11-04
Coffee Beans,169,211,2025-11-05
Green Tea,155,168,2025-11-05
Protein Bars,108,125,2025-11-05
Granola Mix,97,112,2025-11-05
Dark Chocolate,99,99,2025-11-05
Almond Milk,110,139,2025-11-05
Coffee Beans,176,211,2025-11-06
Green Tea,161,168,2025-11-06
Protein Bars,103,125,2025-11-06
Granola Mix,97,112,2025-11-06
Dark Chocolate,97,92,2025-11-06
Almond Milk,107,139,2025-11-06
Coffee Beans,171,212,2025-11-07
Green Tea,155,169,2025-11-07
Protein Bars,97,126,2025-11-07
Granola Mix,97,106,2025-11-07
Dark Chocolate,94,93,2025-11-07
Almond Milk,106,140,2025-11-07
Coffee Beans,192,213,2025-11-08
Green Tea,171,170,2025-11-08
Protein Bars,107,120,2025-11-08
Granola Mix,112,107,2025-11-08
Dark Chocolate,105,94,2025-11-08
Almond Milk,121,141,2025-11-08
Coffee Beans,202,214,2025-11-09
Green Tea,175,164,2025-11-09
Protein Bars,102,121,2025-11-09
Granola Mix,112,108,2025-11-09
Dark Chocolate,101,95,2025-11-09
Almond Milk,121,142,2025-11-09
Coffee Beans,184,207,2025-11-10
Green Tea,155,164,2025-11-10
Protein Bars,99,121,2025-11-10
Granola Mix,104,108,2025-11-10
Dark Chocolate,91,95,2025-11-10
Almond Milk,113,142,2025-11-10
Coffee Beans,193,208,2025-11-11
Green Tea,157,165,2025-11-11
Protein Bars,96,122,2025-11-11
Granola Mix,111,109,2025-11-11
Dark Chocolate,87,96,2025-11-11
Almond Milk,114,143,2025-11-11
Coffee Beans,203,209,2025-11-12
Green Tea,148,166,2025-11-12
Protein Bars,100,123,2025-11-12
Granola Mix,110,110,2025-11-12
Dark Chocolate,90,97,2025-11-12
Almond Milk,116,137,2025-11-12
Coffee Beans,197,210,2025-11-13
Green Tea,149,167,2025-11-13
Protein Bars,98,124,2025-11-13
Granola Mix,108,111,2025-11-13
Dark Chocolate,86,91,2025-11-13
Almond Milk,117,138,2025-11-13
Coffee Beans,206,210,2025-11-14
Green Tea,140,167,2025-11-14
Protein Bars,104,124,2025-11-14
Granola Mix,114,104,2025-11-14
Dark Chocolate,83,91,2025-11-14
Almond Milk,119,138,2025-11-14
Coffee Beans,229,211,2025-11-15
Green Tea,151,168,2025-11-15
Protein Bars,110,118,2025-11-15
Granola Mix,119,105,2025-11-15
Dark Chocolate,86,92,2025-11-15
Almond Milk,130,139,2025-11-15
Coffee Beans,219,212,2025-11-16
Green Tea,141,162,2025-11-16
Protein Bars,109,119,2025-11-16
Granola Mix,116,106,2025-11-16
Dark Chocolate,83,93,2025-11-16
Almond Milk,132,140,2025-11-16
Coffee Beans,211,206,2025-11-17
Green Tea,133,163,2025-11-17
Protein Bars,109,120,2025-11-17
Granola Mix,113,107,2025-11-17
Dark Chocolate,81,94,2025-11-17
Almond Milk,135,141,2025-11-17
Coffee Beans,217,206,2025-11-18
Green Tea,135,163,2025-11-18
Protein Bars,108,120,2025-11-18
Granola Mix,108,107,2025-11-18
Dark Chocolate,79,94,2025-11-18
Almond Milk,137,141,2025-11-18
Coffee Beans,205,207,2025-11-19
Green Tea,127,164,2025-11-19
Protein Bars,115,121,2025-11-19
Granola Mix,104,108,2025-11-19
Dark Chocolate,78,95,2025-11-19
Almond Milk,138,135,2025-11-19
Coffee Beans,209,208,2025-11-20
Green Tea,130,165,2025-11-20
Protein Bars,114,122,2025-11-20
Granola Mix,107,109,2025-11-20
Dark Chocolate,77,89,2025-11-20
Almond Milk,139,136,2025-11-20
Coffee Beans,211,209,2025-11-21
Green Tea,124,166,2025-11-21
Protein Bars,121,123,2025-11-21
Granola Mix,102,103,2025-11-21
Dark Chocolate,83,90,2025-11-21
Almond Milk,139,137,2025-11-21
Coffee Beans,211,209,2025-11-22
Green Tea,138,166,2025-11-22
Protein Bars,128,116,2025-11-22
Granola Mix,104,103,2025-11-22
Dark Chocolate,89,90,2025-11-22
Almond Milk,148,137,2025-11-22
Coffee Beans,212,210,2025-11-23
Green Tea,133,160,2025-11-23
Protein Bars,135,117,2025-11-23
Granola Mix,107,104,2025-11-23
Dark Chocolate,89,91,2025-11-23
Almond Milk,147,138,2025-11-23
Coffee Beans,199,204,2025-11-24
Green Tea,130,161,2025-11-24
Protein Bars,123,118,2025-11-24
Granola Mix,95,105,2025-11-24
Dark Chocolate,84,92,2025-11-24
Almond Milk,136,139,2025-11-24
Coffee Beans,185,205,2025-11-25
Green Tea,126,162,2025-11-25
Protein Bars,120,119,2025-11-25
Granola Mix,90,106,2025-11-25
Dark Chocolate,84,93,2025-11-25
Almond Milk,133,140,2025-11-25
Coffee Beans,185,205,2025-11-26
Green Tea,134,162,2025-11-26
Protein Bars,125,119,2025-11-26
Granola Mix,93,106,2025-11-26
Dark Chocolate,92,93,2025-11-26
Almond Milk,141,133,2025-11-26
Coffee Beans,185,206,2025-11-27
Green Tea,141,163,2025-11-27
Protein Bars,120,120,2025-11-27
Granola Mix,89,107,2025-11-27
Dark Chocolate,93,87,2025-11-27
Almond Milk,137,134,2025-11-27
Coffee Beans,172,207,2025-11-28
Green Tea,139,164,2025-11-28
Protein Bars,124,121,2025-11-28
Granola Mix,86,101,2025-11-28
Dark Chocolate,93,88,2025-11-28
Almond Milk,133,135,2025-11-28
Coffee Beans,185,208,2025-11-29
Green Tea,158,165,2025-11-29
Protein Bars,127,115,2025-11-29
Granola Mix,96,102,2025-11-29
Dark Chocolate,100,89,2025-11-29
Almond Milk,138,136,2025-11-29
Coffee Beans,186,208,2025-11-30
Green Tea,155,158,2025-11-30
Protein Bars,130,115,2025-11-30
Granola Mix,94,102,2025-11-30
Dark Chocolate,108,89,2025-11-30
Almond Milk,134,136,2025-11-30
Coffee Beans,164,202,2025-12-01
Green Tea,153,159,2025-12-01
Protein Bars,115,116,2025-12-01
Granola Mix,86,103,2025-12-01
Dark Chocolate,101,90,2025-12-01
Almond Milk,121,137,2025-12-01
Coffee Beans,167,203,2025-12-02
Green Tea,150,160,2025-12-02
Protein Bars,117,117,2025-12-02
Granola Mix,92,104,2025-12-02
Dark Chocolate,100,91,2025-12-02
Almond Milk,117,138,2025-12-02
Coffee Beans,171,204,2025-12-03
Green Tea,158,161,2025-12-03
Protein Bars,111,118,2025-12-03
Granola Mix,91,105,2025-12-03
Dark Chocolate,99,92,2025-12-03
Almond Milk,113,132,2025-12-03
Coffee Beans,164,204,2025-12-04
Green Tea,154,161,2025-12-04
Protein Bars,104,118,2025-12-04
Granola Mix,90,105,2025-12-04
Dark Chocolate,97,85,2025-12-04
Almond Milk,110,132,2025-12-04
Coffee Beans,170,205,2025-12-05
Green Tea,160,162,2025-12-05
Protein Bars,106,119,2025-12-05
Granola Mix,97,99,2025-12-05
Dark Chocolate,102,86,2025-12-05
Almond Milk,116,133,2025-12-05
Coffee Beans,190,206,2025-12-06
Green Tea,178,163,2025-12-06
Protein Bars,107,113,2025-12-06
Granola Mix,104,100,2025-12-06
Dark Chocolate,107,87,2025-12-06
Almond Milk,122,134,2025-12-06
Coffee Beans,184,207,2025-12-07
Green Tea,171,157,2025-12-07
Protein Bars,110,114,2025-12-07
Granola Mix,104,101,2025-12-07
Dark Chocolate,104,88,2025-12-07
Almond Milk,120,135,2025-12-07
Coffee Beans,181,200,2025-12-08
Green Tea,164,157,2025-12-08
Protein Bars,98,114,2025-12-08
Granola Mix,105,101,2025-12-08
Dark Chocolate,94,88,2025-12-08
Almond Milk,111,135,2025-12-08
Coffee Beans,190,201,2025-12-09
Green Tea,156,158,2025-12-09
Protein Bars,101,115,2025-12-09
Granola Mix,105,102,2025-12-09
Dark Chocolate,97,89,2025-12-09
Almond Milk,111,136,2025-12-09
Coffee Beans,185,202,2025-12-10
Green Tea,160,159,2025-12-10
Protein Bars,97,116,2025-12-10
Granola Mix,104,103,2025-12-10
Dark Chocolate,94,90,2025-12-10
Almond Milk,111,130,2025-12-10
Coffee Beans,195,203,2025-12-11
Green Tea,150,160,2025-12-11
Protein Bars,101,117,2025-12-11
Granola Mix,111,104,2025-12-11
Dark Chocolate,90,84,2025-12-11
Almond Milk,112,131,2025-12-11
Coffee Beans,204,203,2025-12-12
Green Tea,152,160,2025-12-12
Protein Bars,98,117,2025-12-12
Granola Mix,110,97,2025-12-12
Dark Chocolate,86,84,2025-12-12
Almond Milk,114,131,2025-12-12
Coffee Beans,212,204,2025-12-13
Green Tea,153,161,2025-12-13
Protein Bars,103,111,2025-12-13
Granola Mix,116,98,2025-12-13
Dark Chocolate,88,85,2025-12-13
Almond Milk,123,132,2025-12-13
Coffee Beans,222,205,2025-12-14
Green Tea,154,155,2025-12-14
Protein Bars,109,112,2025-12-14
Granola Mix,123,99,2025-12-14
Dark Chocolate,92,86,2025-12-14
Almond Milk,135,133,2025-12-14
Coffee Beans,215,199,2025-12-15
Green Tea,145,156,2025-12-15
Protein Bars,101,113,2025-12-15
Granola Mix,112,100,2025-12-15
Dark Chocolate,83,87,2025-12-15
Almond Milk,129,134,2025-12-15
Coffee Beans,207,199,2025-12-16
Green Tea,136,156,2025-12-16
Protein Bars,107,113,2025-12-16
Granola Mix,108,100,2025-12-16
Dark Chocolate,80,87,2025-12-16
Almond Milk,131,134,2025-12-16
Coffee Beans,213,200,2025-12-17
Green Tea,137,157,2025-12-17
Protein Bars,106,114,2025-12-17
Granola Mix,113,101,2025-12-17
Dark Chocolate,78,88,2025-12-17
Almond Milk,133,128,2025-12-17
Coffee Beans,219,201,2025-12-18
Green Tea,129,158,2025-12-18
Protein Bars,114,115,2025-12-18
Granola Mix,109,102,2025-12-18
Dark Chocolate,82,82,2025-12-18
Almond Milk,134,129,2025-12-18
Coffee Beans,207,202,2025-12-19
Green Tea,132,159,2025-12-19
Protein Bars,113,116,2025-12-19
Granola Mix,104,96,2025-12-19
Dark Chocolate,81,83,2025-12-19
Almond Milk,136,130,2025-12-19
Coffee Beans,225,202,2025-12-20
Green Tea,133,159,2025-12-20
Protein Bars,129,109,2025-12-20
Granola Mix,115,96,2025-12-20
Dark Chocolate,85,83,2025-12-20
Almond Milk,146,130,2025-12-20
Coffee Beans,228,203,2025-12-21
Green Tea,137,153,2025-12-21
Protein Bars,127,110,2025-12-21
Granola Mix,110,97,2025-12-21
Dark Chocolate,85,84,2025-12-21
Almond Milk,146,131,2025-12-21
Coffee Beans,199,197,2025-12-22
Green Tea,123,154,2025-12-22
Protein Bars,117,111,2025-12-22
Granola Mix,97,98,2025-12-22
Dark Chocolate,79,85,2025-12-22
Almond Milk,136,132,2025-12-22
Coffee Beans,200,198,2025-12-23
Green Tea,128,155,2025-12-23
Protein Bars,124,112,2025-12-23
Granola Mix,100,99,2025-12-23
Dark Chocolate,86,86,2025-12-23
Almond Milk,145,133,2025-12-23
Coffee Beans,200,198,2025-12-24
Green Tea,134,155,2025-12-24
Protein Bars,121,112,2025-12-24
Granola Mix,95,99,2025-12-24
Dark Chocolate,86,86,2025-12-24
Almond Milk,144,126,2025-12-24
Coffee Beans,186,199,2025-12-25
Green Tea,131,156,2025-12-25
Protein Bars,127,113,2025-12-25
Granola Mix,91,100,2025-12-25
Dark Chocolate,87,80,2025-12-25
Almond Milk,141,127,2025-12-25
Coffee Beans,186,200,2025-12-26
Green Tea,138,157,2025-12-26
Protein Bars,122,114,2025-12-26
Granola Mix,93,94,2025-12-26
Dark Chocolate,88,81,2025-12-26
Almond Milk,138,128,2025-12-26
Coffee Beans,199,201,2025-12-27
Green Tea,145,158,2025-12-27
Protein Bars,136,108,2025-12-27
Granola Mix,96,95,2025-12-27
Dark Chocolate,102,82,2025-12-27
Almond Milk,144,129,2025-12-27
Coffee Beans,185,201,2025-12-28
Green Tea,153,151,2025-12-28
Protein Bars,130,108,2025-12-28
Granola Mix,92,95,2025-12-28
Dark Chocolate,103,82,2025-12-28
Almond Milk,140,129,2025-12-28
Coffee Beans,174,195,2025-12-29
Green Tea,141,152,2025-12-29
Protein Bars,125,109,2025-12-29
Granola Mix,90,96,2025-12-29
Dark Chocolate,96,83,2025-12-29
Almond Milk,127,130,2025-12-29
Coffee Beans,175,196,2025-12-30
Green Tea,150,153,2025-12-30
Protein Bars,119,110,2025-12-30
Granola Mix,88,97,2025-12-30
Dark Chocolate,97,84,2025-12-30
Almond Milk,123,131,2025-12-30
Coffee Beans,165,197,2025-12-31
Green Tea,147,154,2025-12-31
Protein Bars,113,111,2025-12-31
Granola Mix,86,98,2025-12-31
Dark Chocolate,96,85,2025-12-31
Almond Milk,119,125,2025-12-31
Coffee Beans,145,197,2026-01-01
Green Tea,134,154,2026-01-01
Protein Bars,99,111,2026-01-01
Granola Mix,79,98,2026-01-01
Dark Chocolate,89,78,2026-01-01
Almond Milk,107,125,2026-01-01
Coffee Beans,149,198,2026-01-02
Green Tea,140,155,2026-01-02
Protein Bars,94,112,2026-01-02
Granola Mix,79,92,2026-01-02
Dark Chocolate,88,79,2026-01-02
Almond Milk,103,126,2026-01-02
Coffee Beans,152,199,2026-01-03
Green Tea,146,156,2026-01-03
Protein Bars,102,106,2026-01-03
Granola Mix,84,93,2026-01-03
Dark Chocolate,92,80,2026-01-03
Almond Milk,108,127,2026-01-03
Coffee Beans,158,200,2026-01-04
Green Tea,153,150,2026-01-04
Protein Bars,96,107,2026-01-04
Granola Mix,90,94,2026-01-04
Dark Chocolate,90,81,2026-01-04
Almond Milk,105,128,2026-01-04
Coffee Beans,154,193,2026-01-05
Green Tea,137,150,2026-01-05
Protein Bars,91,107,2026-01-05
Granola Mix,84,94,2026-01-05
Dark Chocolate,89,81,2026-01-05
Almond Milk,96,128,2026-01-05
Coffee Beans,149,194,2026-01-06
Green Tea,142,151,2026-01-06
Protein Bars,87,108,2026-01-06
Granola Mix,84,95,2026-01-06
Dark Chocolate,86,82,2026-01-06
Almond Milk,95,129,2026-01-06
Coffee Beans,157,195,2026-01-07
Green Tea,136,152,2026-01-07
Protein Bars,89,109,2026-01-07
Granola Mix,91,96,2026-01-07
Dark Chocolate,83,83,2026-01-07
Almond Milk,94,123,2026-01-07
Coffee Beans,165,196,2026-01-08
Green Tea,139,153,2026-01-08
Protein Bars,85,110,2026-01-08
Granola Mix,91,97,2026-01-08
Dark Chocolate,80,77,2026-01-08
Almond Milk,94,124,2026-01-08
Coffee Beans,161,196,2026-01-09
Green Tea,132,153,2026-01-09
Protein Bars,82,110,2026-01-09
Granola Mix,90,90,2026-01-09
Dark Chocolate,77,77,2026-01-09
Almond Milk,94,124,2026-01-09
Coffee Beans,181,197,2026-01-10
Green Tea,143,154,2026-01-10
Protein Bars,91,104,2026-01-10
Granola Mix,103,91,2026-01-10
Dark Chocolate,85,78,2026-01-10
Almond Milk,110,125,2026-01-10
Coffee Beans,190,198,2026-01-11
Green Tea,145,148,2026-01-11
Protein Bars,89,105,2026-01-11
Granola Mix,102,92,2026-01-11
Dark Chocolate,82,79,2026-01-11
Almond Milk,111,126,2026-01-11
Coffee Beans,172,192,2026-01-12
Green Tea,127,149,2026-01-12
Protein Bars,88,106,2026-01-12
Granola Mix,94,93,2026-01-12
Dark Chocolate,73,80,2026-01-12
Almond Milk,105,127,2026-01-12
Coffee Beans,180,192,2026-01-13
Green Tea,128,149,2026-01-13
Protein Bars,86,106,2026-01-13
Granola Mix,99,93,2026-01-13
Dark Chocolate,71,80,2026-01-13
Almond Milk,107,127,2026-01-13
Coffee Beans,187,193,2026-01-14
Green Tea,120,150,2026-01-14
Protein Bars,92,107,2026-01-14
Granola Mix,97,94,2026-01-14
Dark Chocolate,73,81,2026-01-14
Almond Milk,109,121,2026-01-14
Coffee Beans,180,194,2026-01-15
Green Tea,121,151,2026-01-15
Protein Bars,91,108,2026-01-15
Granola Mix,94,95,2026-01-15
Dark Chocolate,71,75,2026-01-15
Almond Milk,111,122,2026-01-15
Coffee Beans,185,195,2026-01-16
Green Tea,113,152,2026-01-16
Protein Bars,97,109,2026-01-16
Granola Mix,98,89,2026-01-16
Dark Chocolate,69,76,2026-01-16
Almond Milk,112,123,2026-01-16
Coffee Beans,203,195,2026-01-17
Green Tea,123,152,2026-01-17
Protein Bars,103,102,2026-01-17
Granola Mix,101,89,2026-01-17
Dark Chocolate,72,76,2026-01-17
Almond Milk,122,123,2026-01-17
Coffee Beans,192,196,2026-01-18
Green Tea,116,146,2026-01-18
Protein Bars,102,103,2026-01-18
Granola Mix,97,90,2026-01-18
Dark Chocolate,71,77,2026-01-18
Almond Milk,123,124,2026-01-18
Coffee Beans,183,190,2026-01-19
Green Tea,111,147,2026-01-19
Protein Bars,102,104,2026-01-19
Granola Mix,93,91,2026-01-19
Dark Chocolate,71,78,2026-01-19
Almond Milk,124,125,2026-01-19
Coffee Beans,185,191,2026-01-20
Green Tea,114,148,2026-01-20
Protein Bars,100,105,2026-01-20
Granola Mix,89,92,2026-01-20
Dark Chocolate,70,79,2026-01-20
Almond Milk,125,126,2026-01-20
Coffee Beans,173,191,2026-01-21
Green Tea,109,148,2026-01-21
Protein Bars,107,105,2026-01-21
Granola Mix,84,92,2026-01-21
Dark Chocolate,70,79,2026-01-21
Almond Milk,124,119,2026-01-21
Coffee Beans,174,192,2026-01-22
Green Tea,114,149,2026-01-22
Protein Bars,105,106,2026-01-22
Granola Mix,86,93,2026-01-22
Dark Chocolate,71,73,2026-01-22
Almond Milk,123,120,2026-01-22
Coffee Beans,174,193,2026-01-23
Green Tea,110,150,2026-01-23
Protein Bars,110,107,2026-01-23
Granola Mix,82,87,2026-01-23
Dark Chocolate,77,74,2026-01-23
Almond Milk,122,121,2026-01-23
Coffee Beans,173,194,2026-01-24
Green Tea,124,151,2026-01-24
Protein Bars,114,101,2026-01-24
Granola Mix,84,88,2026-01-24
Dark Chocolate,83,75,2026-01-24
Almond Milk,128,122,2026-01-24
Coffee Beans,173,194,2026-01-25
Green Tea,122,144,2026-01-25
Protein Bars,119,101,2026-01-25
Granola Mix,86,88,2026-01-25
Dark Chocolate,84,75,2026-01-25
Almond Milk,125,122,2026-01-25
Coffee Beans,162,188,2026-01-26
Green Tea,120,145,2026-01-26
Protein Bars,107,102,2026-01-26
Granola Mix,78,89,2026-01-26
Dark Chocolate,79,76,2026-01-26
Almond Milk,114,123,2026-01-26
Coffee Beans,150,189,2026-01-27
Green Tea,118,146,2026-01-27
Protein Bars,103,103,2026-01-27
Granola Mix,75,90,2026-01-27
Dark Chocolate,79,77,2026-01-27
Almond Milk,111,124,2026-01-27
Coffee Beans,151,190,2026-01-28
Green Tea,125,147,2026-01-28
Protein Bars,106,104,2026-01-28
Granola Mix,78,91,2026-01-28
Dark Chocolate,86,78,2026-01-28
Almond Milk,116,118,2026-01-28
Coffee Beans,152,190,2026-01-29
Green Tea,133,147,2026-01-29
Protein Bars,101,104,2026-01-29
Granola Mix,76,91,2026-01-29
Dark Chocolate,86,71,2026-01-29
Almond Milk,112,118,2026-01-29
Coffee Beans,143,191,2026-01-30
Green Tea,131,148,2026-01-30
Protein Bars,103,105,2026-01-30
Granola Mix,75,85,2026-01-30
Dark Chocolate,86,72,2026-01-30
Almond Milk,108,119,2026-01-30
Coffee Beans,156,192,2026-01-31
Green Tea,147,149,2026-01-31
Protein Bars,104,99,2026-01-31
Granola Mix,85,86,2026-01-31
Dark Chocolate,91,73,2026-01-31
Almond Milk,112,120,2026-01-31
Coffee Beans,160,193,2026-02-01
Green Tea,144,143,2026-02-01
Protein Bars,106,100,2026-02-01
Granola Mix,84,87,2026-02-01
Dark Chocolate,97,74,2026-02-01
Almond Milk,109,121,2026-02-01
Coffee Beans,143,186,2026-02-02
Green Tea,141,143,2026-02-02
Protein Bars,93,100,2026-02-02
Granola Mix,79,87,2026-02-02
Dark Chocolate,89,74,2026-02-02
Almond Milk,99,121,2026-02-02
Coffee Beans,149,187,2026-02-03
Green Tea,136,144,2026-02-03
Protein Bars,95,101,2026-02-03
Granola Mix,85,88,2026-02-03
Dark Chocolate,87,75,2026-02-03
Almond Milk,96,122,2026-02-03
Coffee Beans,155,188,2026-02-04
Green Tea,142,145,2026-02-04
Protein Bars,90,102,2026-02-04
Granola Mix,85,89,2026-02-04
Dark Chocolate,85,76,2026-02-04
Almond Milk,95,116,2026-02-04
Coffee Beans,151,189,2026-02-05
Green Tea,136,146,2026-02-05
Protein Bars,85,103,2026-02-05
Granola Mix,85,90,2026-02-05
Dark Chocolate,82,70,2026-02-05
Almond Milk,93,117,2026-02-05
Coffee Beans,158,189,2026-02-06
Green Tea,140,146,2026-02-06
Protein Bars,87,103,2026-02-06
Granola Mix,91,83,2026-02-06
Dark Chocolate,86,70,2026-02-06
Almond Milk,100,117,2026-02-06
Coffee Beans,178,190,2026-02-07
Green Tea,153,147,2026-02-07
Protein Bars,89,97,2026-02-07
Granola Mix,97,84,2026-02-07
Dark Chocolate,89,71,2026-02-07
Almond Milk,106,118,2026-02-07
Coffee Beans,173,191,2026-02-08
Green Tea,145,141,2026-02-08
Protein Bars,92,98,2026-02-08
Granola Mix,97,85,2026-02-08
Dark Chocolate,85,72,2026-02-08
Almond Milk,107,119,2026-02-08
Coffee Beans,171,185,2026-02-09
Green Tea,138,142,2026-02-09
Protein Bars,84,99,2026-02-09
Granola Mix,97,86,2026-02-09
Dark Chocolate,76,73,2026-02-09
Almond Milk,101,120,2026-02-09
Coffee Beans,179,185,2026-02-10
Green Tea,130,142,2026-02-10
Protein Bars,88,99,2026-02-10
Granola Mix,96,86,2026-02-10
Dark Chocolate,79,73,2026-02-10
Almond Milk,102,120,2026-02-10
Coffee Beans,174,186,2026-02-11
Green Tea,131,143,2026-02-11
Protein Bars,86,100,2026-02-11
Granola Mix,94,87,2026-02-11
Dark Chocolate,76,74,2026-02-11
Almond Milk,103,114,2026-02-11
Coffee Beans,181,187,2026-02-12
Green Tea,123,144,2026-02-12
Protein Bars,91,101,2026-02-12
Granola Mix,100,88,2026-02-12
Dark Chocolate,73,68,2026-02-12
Almond Milk,105,115,2026-02-12
Coffee Beans,188,188,2026-02-13
Green Tea,124,145,2026-02-13
Protein Bars,90,102,2026-02-13
Granola Mix,97,82,2026-02-13
Dark Chocolate,70,69,2026-02-13
Almond Milk,107,116,2026-02-13
Coffee Beans,194,188,2026-02-14
Green Tea,124,145,2026-02-14
Protein Bars,95,95,2026-02-14
Granola Mix,101,82,2026-02-14
Dark Chocolate,73,69,2026-02-14
Almond Milk,116,116,2026-02-14
Coffee Beans,200,189,2026-02-15
Green Tea,125,139,2026-02-15
Protein Bars,102,96,2026-02-15
Granola Mix,105,83,2026-02-15
Dark Chocolate,76,70,2026-02-15
Almond Milk,127,117,2026-02-15
Coffee Beans,191,183,2026-02-16
Green Tea,119,140,2026-02-16
Protein Bars,94,97,2026-02-16
Granola Mix,95,84,2026-02-16
Dark Chocolate,70,71,2026-02-16
Almond Milk,120,118,2026-02-16
Coffee Beans,181,184,2026-02-17
Green Tea,112,141,2026-02-17
Protein Bars,101,98,2026-02-17
Granola Mix,91,85,2026-02-17
Dark Chocolate,68,72,2026-02-17
Almond Milk,122,119,2026-02-17
Coffee Beans,184,184,2026-02-18
Green Tea,114,141,2026-02-18
Protein Bars,100,98,2026-02-18
Granola Mix,93,85,2026-02-18
Dark Chocolate,68,72,2026-02-18
Almond Milk,122,112,2026-02-18
Coffee Beans,186,185,2026-02-19
Green Tea,109,142,2026-02-19
Protein Bars,106,99,2026-02-19
Granola Mix,89,86,2026-02-19
Dark Chocolate,73,66,2026-02-19
Almond Milk,122,113,2026-02-19
Coffee Beans,174,186,2026-02-20
Green Tea,113,143,2026-02-20
Protein Bars,104,100,2026-02-20
Granola Mix,85,80,2026-02-20
Dark Chocolate,73,67,2026-02-20
Almond Milk,122,114,2026-02-20
Coffee Beans,187,187,2026-02-21
Green Tea,117,144,2026-02-21
Protein Bars,118,94,2026-02-21
Granola Mix,93,81,2026-02-21
Dark Chocolate,78,68,2026-02-21
Almond Milk,129,115,2026-02-21
Coffee Beans,188,187,2026-02-22
Green Tea,122,137,2026-02-22
Protein Bars,115,94,2026-02-22
Granola Mix,88,81,2026-02-22
Dark Chocolate,79,68,2026-02-22
Almond Milk,128,115,2026-02-22
Coffee Beans,163,181,2026-02-23
Green Tea,111,138,2026-02-23
Protein Bars,105,95,2026-02-23
Granola Mix,79,82,2026-02-23
Dark Chocolate,74,69,2026-02-23
Almond Milk,117,116,2026-02-23
Coffee Beans,163,182,2026-02-24
Green Tea,117,139,2026-02-24
Protein Bars,109,96,2026-02-24
Granola Mix,81,83,2026-02-24
Dark Chocolate,80,70,2026-02-24
Almond Milk,124,117,2026-02-24
Coffee Beans,163,183,2026-02-25
Green Tea,124,140,2026-02-25
Protein Bars,105,97,2026-02-25
Granola Mix,78,84,2026-02-25
Dark Chocolate,81,71,2026-02-25
Almond Milk,121,111,2026-02-25
Coffee Beans,151,183,2026-02-26
Green Tea,122,140,2026-02-26
Protein Bars,109,97,2026-02-26
Granola Mix,75,84,2026-02-26
Dark Chocolate,82,64,2026-02-26
Almond Milk,117,111,2026-02-26
Coffee Beans,152,184,2026-02-27
Green Tea,129,141,2026-02-27
Protein Bars,104,98,2026-02-27
Granola Mix,78,78,2026-02-27
Dark Chocolate,82,65,2026-02-27
Almond Milk,114,112,2026-02-27
Coffee Beans,164,185,2026-02-28
Green Tea,136,142,2026-02-28
Protein Bars,114,92,2026-02-28
Granola Mix,82,79,2026-02-28
Dark Chocolate,95,66,2026-02-28
Almond Milk,118,113,2026-02-28
Coffee Beans,155,186,2026-03-01
Green Tea,144,136,2026-03-01
Protein Bars,108,93,2026-03-01
Granola Mix,80,80,2026-03-01
Dark Chocolate,94,67,2026-03-01
Almond Milk,114,114,2026-03-01
Coffee Beans,147,179,2026-03-02
Green Tea,132,136,2026-03-02
Protein Bars,103,93,2026-03-02
Granola Mix,80,80,2026-03-02
Dark Chocolate,88,67,2026-03-02
Almond Milk,103,114,2026-03-02
Coffee Beans,151,180,2026-03-03
Green Tea,139,137,2026-03-03
Protein Bars,97,94,2026-03-03
Granola Mix,79,81,2026-03-03
Dark Chocolate,86,68,2026-03-03
Almond Milk,100,115,2026-03-03
Coffee Beans,145,181,2026-03-04
Green Tea,135,138,2026-03-04
Protein Bars,91,95,2026-03-04
Granola Mix,79,82,2026-03-04
Dark Chocolate,85,69,2026-03-04
Almond Milk,97,109,2026-03-04
Coffee Beans,150,182,2026-03-05
Green Tea,141,139,2026-03-05
Protein Bars,93,96,2026-03-05
Granola Mix,85,83,2026-03-05
Dark Chocolate,90,63,2026-03-05
Almond Milk,102,110,2026-03-05
Coffee Beans,156,182,2026-03-06
Green Tea,146,139,2026-03-06
Protein Bars,88,96,2026-03-06
Granola Mix,85,76,2026-03-06
Dark Chocolate,88,63,2026-03-06
Almond Milk,100,110,2026-03-06
Coffee Beans,162,183,2026-03-07
Green Tea,150,140,2026-03-07
Protein Bars,96,90,2026-03-07
Granola Mix,91,77,2026-03-07
Dark Chocolate,91,64,2026-03-07
Almond Milk,106,111,2026-03-07
Coffee Beans,170,184,2026-03-08
Green Tea,155,134,2026-03-08
Protein Bars,91,91,2026-03-08
Granola Mix,98,78,2026-03-08
Dark Chocolate,88,65,2026-03-08
Almond Milk,105,112,2026-03-08
Coffee Beans,168,178,2026-03-09
Green Tea,137,135,2026-03-09
Protein Bars,88,92,2026-03-09
Granola Mix,91,79,2026-03-09
Dark Chocolate,85,66,2026-03-09
Almond Milk,98,113,2026-03-09
Coffee Beans,163,178,2026-03-10
Green Tea,140,135,2026-03-10
Protein Bars,85,92,2026-03-10
Granola Mix,91,79,2026-03-10
Dark Chocolate,82,66,2026-03-10
Almond Milk,98,113,2026-03-10
Coffee Beans,172,179,2026-03-11
Green Tea,132,136,2026-03-11
Protein Bars,88,93,2026-03-11
Granola Mix,97,80,2026-03-11
Dark Chocolate,79,67,2026-03-11
Almond Milk,99,107,2026-03-11
Coffee Beans,180,180,2026-03-12
Green Tea,134,137,2026-03-12
Protein Bars,86,94,2026-03-12
Granola Mix,96,81,2026-03-12
Dark Chocolate,75,61,2026-03-12
Almond Milk,100,108,2026-03-12
Coffee Beans,175,181,2026-03-13
Green Tea,125,138,2026-03-13
Protein Bars,84,95,2026-03-13
Granola Mix,95,75,2026-03-13
Dark Chocolate,72,62,2026-03-13
Almond Milk,101,109,2026-03-13
Coffee Beans,196,181,2026-03-14
Green Tea,136,138,2026-03-14
Protein Bars,95,88,2026-03-14
Granola Mix,107,75,2026-03-14
Dark Chocolate,80,62,2026-03-14
Almond Milk,119,109,2026-03-14
Coffee Beans,203,182,2026-03-15
Green Tea,137,132,2026-03-15
Protein Bars,94,89,2026-03-15
Granola Mix,104,76,2026-03-15
Dark Chocolate,77,63,2026-03-15
Almond Milk,121,110,2026-03-15
Coffee Beans,182,176,2026-03-16
Green Tea,120,133,2026-03-16
Protein Bars,94,90,2026-03-16
Granola Mix,95,77,2026-03-16
Dark Chocolate,70,64,2026-03-16
Almond Milk,115,111,2026-03-16
Coffee Beans,188,177,2026-03-17
Green Tea,121,134,2026-03-17
Protein Bars,93,91,2026-03-17
Granola Mix,99,78,2026-03-17
Dark Chocolate,68,65,2026-03-17
Almond Milk,117,112,2026-03-17
Coffee Beans,193,177,2026-03-18
Green Tea,114,134,2026-03-18
Protein Bars,100,91,2026-03-18
Granola Mix,95,78,2026-03-18
Dark Chocolate,72,65,2026-03-18
Almond Milk,118,105,2026-03-18
Coffee Beans,182,178,2026-03-19
Green Tea,115,135,2026-03-19
Protein Bars,99,92,2026-03-19
Granola Mix,91,79,2026-03-19
Dark Chocolate,71,59,2026-03-19
Almond Milk,119,106,2026-03-19
Coffee Beans,185,179,2026-03-20
Green Tea,110,136,2026-03-20
Protein Bars,105,93,2026-03-20
Granola Mix,94,73,2026-03-20
Dark Chocolate,70,60,2026-03-20
Almond Milk,120,107,2026-03-20
Coffee Beans,201,180,2026-03-21
Green Tea,120,137,2026-03-21
Protein Bars,111,87,2026-03-21
Granola Mix,96,74,2026-03-21
Dark Chocolate,74,61,2026-03-21
Almond Milk,129,108,2026-03-21
Coffee Beans,188,180,2026-03-22
Green Tea,116,130,2026-03-22
Protein Bars,109,87,2026-03-22
Granola Mix,91,74,2026-03-22
Dark Chocolate,74,61,2026-03-22
Almond Milk,128,108,2026-03-22
Coffee Beans,176,174,2026-03-23
Green Tea,112,131,2026-03-23
Protein Bars,108,88,2026-03-23
Granola Mix,87,75,2026-03-23
Dark Chocolate,75,62,2026-03-23
Almond Milk,128,109,2026-03-23
Coffee Beans,177,175,2026-03-24
Green Tea,117,132,2026-03-24
Protein Bars,106,89,2026-03-24
Granola Mix,83,76,2026-03-24
Dark Chocolate,76,63,2026-03-24
Almond Milk,126,110,2026-03-24
Coffee Beans,164,176,2026-03-25
Green Tea,115,133,2026-03-25
Protein Bars,111,90,2026-03-25
Granola Mix,79,77,2026-03-25
Dark Chocolate,76,64,2026-03-25
Almond Milk,124,104,2026-03-25
Coffee Beans,164,176,2026-03-26
Green Tea,121,133,2026-03-26
Protein Bars,107,90,2026-03-26
Granola Mix,81,77,2026-03-26
Dark Chocolate,77,57,2026-03-26
Almond Milk,122,104,2026-03-26
Coffee Beans,164,177,2026-03-27
Green Tea,119,134,2026-03-27
Protein Bars,111,91,2026-03-27
Granola Mix,78,71,2026-03-27
Dark Chocolate,84,58,2026-03-27
Almond Milk,119,105,2026-03-27
Coffee Beans,163,178,2026-03-28
Green Tea,135,135,2026-03-28
Protein Bars,114,85,2026-03-28
Granola Mix,81,72,2026-03-28
Dark Chocolate,90,59,2026-03-28
Almond Milk,123,106,2026-03-28
Coffee Beans,164,179,2026-03-29
Green Tea,133,129,2026-03-29
Protein Bars,117,86,2026-03-29
Granola Mix,84,73,2026-03-29
Dark Chocolate,90,60,2026-03-29
Almond Milk,119,107,2026-03-29
Coffee Beans,155,172,2026-03-30
Green Tea,131,129,2026-03-30
Protein Bars,104,86,2026-03-30
Granola Mix,77,73,2026-03-30
Dark Chocolate,85,60,2026-03-30
Almond Milk,108,107,2026-03-30
Coffee Beans,145,173,2026-03-31
Green Tea,129,130,2026-03-31
Protein Bars,99,87,2026-03-31
Granola Mix,75,74,2026-03-31
Dark Chocolate,84,61,2026-03-31
Almond Milk,104,108,2026-03-31
Coffee Beans,148,174,2026-04-01
Green Tea,136,131,2026-04-01
Protein Bars,101,88,2026-04-01
Granola Mix,80,75,2026-04-01
Dark Chocolate,90,62,2026-04-01
Almond Milk,109,102,2026-04-01
Coffee Beans,152,175,2026-04-02
Green Tea,143,132,2026-04-02
Protein Bars,95,89,2026-04-02
Granola Mix,80,76,2026-04-02
Dark Chocolate,89,56,2026-04-02
Almond Milk,106,103,2026-04-02
Coffee Beans,146,175,2026-04-03
Green Tea,139,132,2026-04-03
Protein Bars,97,89,2026-04-03
Granola Mix,79,69,2026-04-03
Dark Chocolate,88,56,2026-04-03
Almond Milk,103,103,2026-04-03
Coffee Beans,162,176,2026-04-04
Green Tea,155,133,2026-04-04
Protein Bars,97,83,2026-04-04
Granola Mix,91,70,2026-04-04
Dark Chocolate,92,57,2026-04-04
Almond Milk,107,104,2026-04-04
Coffee Beans,169,177,2026-04-05
Green Tea,150,127,2026-04-05
Protein Bars,99,84,2026-04-05
Granola Mix,91,71,2026-04-05
Dark Chocolate,96,58,2026-04-05
Almond Milk,105,105,2026-04-05
Coffee Beans,153,171,2026-04-06
Green Tea,145,128,2026-04-06
Protein Bars,88,85,2026-04-06
Granola Mix,85,72,2026-04-06
Dark Chocolate,88,59,2026-04-06
Almond Milk,97,106,2026-04-06
Coffee Beans,161,171,2026-04-07
Green Tea,138,128,2026-04-07
Protein Bars,90,85,2026-04-07
Granola Mix,92,72,2026-04-07
Dark Chocolate,85,59,2026-04-07
Almond Milk,96,106,2026-04-07
Coffee Beans,169,172,2026-04-08
Green Tea,142,129,2026-04-08
Protein Bars,86,86,2026-04-08
Granola Mix,92,73,2026-04-08
Dark Chocolate,82,60,2026-04-08
Almond Milk,96,100,2026-04-08
Coffee Beans,165,173,2026-04-09
Green Tea,134,130,2026-04-09
Protein Bars,83,87,2026-04-09
Granola Mix,91,74,2026-04-09
Dark Chocolate,78,54,2026-04-09
Almond Milk,96,101,2026-04-09
Coffee Beans,173,174,2026-04-10
Green Tea,136,131,2026-04-10
Protein Bars,87,88,2026-04-10
Granola Mix,98,68,2026-04-10
Dark Chocolate,81,55,2026-04-10
Almond Milk,105,102,2026-04-10
Coffee Beans,194,174,2026-04-11
Green Tea,148,131,2026-04-11
Protein Bars,90,81,2026-04-11
Granola Mix,103,68,2026-04-11
Dark Chocolate,83,55,2026-04-11
Almond Milk,113,102,2026-04-11
Coffee Beans,189,175,2026-04-12
Green Tea,139,125,2026-04-12
Protein Bars,95,82,2026-04-12
Granola Mix,102,69,2026-04-12
Dark Chocolate,80,56,2026-04-12
Almond Milk,115,103,2026-04-12
Coffee Beans,184,169,2026-04-13
Green Tea,131,126,2026-04-13
Protein Bars,87,83,2026-04-13
Granola Mix,100,70,2026-04-13
Dark Chocolate,72,57,2026-04-13
Almond Milk,109,104,2026-04-13
